{
    "Nsim": 100,
    "latest_price_date": "2022-10-24",
    "variance_reduction": null,
    "GBM": "multivariate",
    "r": 0.04716,
    "MSE": 268.4070536253414,
    "MAE": 15.130245849230914
}