{
    "Nsim": 1000,
    "latest_price_date": "2022-10-21",
    "variance_reduction": true,
    "GBM": "multivariate",
    "r": 0.045,
    "IV": false,
    "min_sigma": 0.0001,
    "max_sigma": 5,
    "step": 1e-05,
    "error": 0.25,
    "EMS": true,
    "MSE": 16.682923939875977,
    "MAE": 3.114520238563183,
    "Expected Payoff Variance": 508.53220078938904
}