{
    "Nsim": 1000,
    "latest_price_date": "2022-10-21",
    "variance_reduction": false,
    "GBM": "multivariate",
    "r": 0.045,
    "IV": false,
    "min_sigma": 0.0001,
    "max_sigma": 5,
    "step": 1e-05,
    "error": 0.25,
    "EMS": true,
    "MSE": 17.70042328164933,
    "MAE": 3.218416818763424,
    "Expected Payoff Variance": 482.70376903810245
}