{
    "Nsim": 5000,
    "latest_price_date": "2022-10-21",
    "variance_reduction": false,
    "GBM": "multivariate",
    "r": 0.045,
    "IV": false,
    "min_sigma": 0.0001,
    "max_sigma": 5,
    "step": 1e-05,
    "error": 0.25,
    "EMS": true,
    "MSE": 16.420844861587167,
    "MAE": 3.132329419074718,
    "Expected Payoff Variance": 441.04053272678203
}