{
    "Nsim": 10000,
    "latest_price_date": "2022-10-21",
    "variance_reduction": false,
    "GBM": "multivariate",
    "r": 0.045,
    "IV": false,
    "min_sigma": 0.0001,
    "max_sigma": 5,
    "step": 1e-05,
    "error": 0.25,
    "EMS": true,
    "MSE": 16.362944594664558,
    "MAE": 3.09884189703846,
    "Expected Payoff Variance": 461.33759414405506
}