{
    "Nsim": 250,
    "latest_price_date": "2022-10-21",
    "variance_reduction": true,
    "GBM": "multivariate",
    "r": 0.045,
    "IV": true,
    "min_sigma": 0.0001,
    "max_sigma": 5,
    "step": 1e-05,
    "error": 0.5,
    "EMS": true,
    "MSE": 29.62085133271748,
    "MAE": 4.502164957388986
}