{
    "Nsim": 250,
    "latest_price_date": "2022-10-21",
    "variance_reduction": true,
    "GBM": "multivariate",
    "r": 0.045,
    "IV": true,
    "min_sigma": 0.0001,
    "max_sigma": 5,
    "step": 1e-05,
    "error": 0.25,
    "EMS": true,
    "MSE": 25.166261760662206,
    "MAE": 3.9417006548191043,
    "Expected Payoff Variance": 795.0496935574616
}