{
    "Nsim": 5000,
    "latest_price_date": "2022-10-21",
    "variance_reduction": false,
    "GBM": "multivariate",
    "r": 0.045,
    "IV": false,
    "min_sigma": 0.0001,
    "max_sigma": 5,
    "step": 1e-05,
    "error": 0.25,
    "EMS": true,
    "MSE": 16.197551440963394,
    "MAE": 3.088070545166919,
    "Expected Payoff Variance": 453.57507275326464
}