{
    "Nsim": 2000,
    "latest_price_date": "2022-10-21",
    "variance_reduction": false,
    "GBM": "multivariate",
    "r": 0.045,
    "IV": false,
    "min_sigma": 0.0001,
    "max_sigma": 5,
    "step": 1e-05,
    "error": 0.25,
    "EMS": true,
    "MSE": 17.453634400261002,
    "MAE": 3.1724640050182717,
    "Expected Payoff Variance": 454.4757598906968
}