{
    "Nsim": 10000,
    "latest_price_date": "2022-10-21",
    "variance_reduction": false,
    "GBM": "multivariate",
    "r": 0.045,
    "IV": false,
    "min_sigma": 0.0001,
    "max_sigma": 5,
    "step": 1e-05,
    "error": 0.25,
    "EMS": true,
    "MSE": 16.420949496987312,
    "MAE": 3.1223231631506043,
    "Expected Payoff Variance": 450.81251232041535
}