{
    "Nsim": 1000,
    "latest_price_date": "2022-10-21",
    "variance_reduction": true,
    "GBM": "multivariate",
    "r": 0.045,
    "IV": false,
    "min_sigma": 0.0001,
    "max_sigma": 5,
    "step": 1e-05,
    "error": 0.25,
    "EMS": true,
    "MSE": 16.533891440766414,
    "MAE": 3.094994885110638,
    "Expected Payoff Variance": 499.2826734083849
}