{
    "Nsim": 250,
    "latest_price_date": "2022-10-21",
    "variance_reduction": false,
    "GBM": "multivariate",
    "r": 0.045,
    "IV": true,
    "min_sigma": 0.0001,
    "max_sigma": 5,
    "step": 1e-05,
    "error": 1,
    "EMS": true,
    "MSE": 35.95397548384352,
    "MAE": 4.929920277224486
}